City_ID,City,Country,Lat,Lng,Max Temp,Humidity,Cloudiness,Wind Speed,Current Description
0,Vieux-Habitants,GP,16.0589,-61.7659,84.7,69,18,12.84,few clouds
1,San Antonio,US,29.4241,-98.4936,103.06,37,40,14.97,scattered clouds
2,Ushuaia,AR,-54.8,-68.3,35.85,92,100,5.39,overcast clouds
3,Kavaratti,IN,10.5669,72.642,80.94,80,100,22.03,overcast clouds
4,Victoria,HK,22.2855,114.1577,87.33,80,100,8.01,overcast clouds
5,Jamestown,US,42.097,-79.2353,87.06,52,0,14.97,clear sky
6,Heiligenhafen,DE,54.3667,10.9833,73.74,51,1,9.78,clear sky
7,Hermanus,ZA,-34.4187,19.2345,44.8,73,33,4.72,scattered clouds
8,Goderich,CA,43.7501,-81.7165,78.91,81,87,4.52,overcast clouds
9,Tasiilaq,GL,65.6145,-37.6368,40.44,80,41,1.01,scattered clouds
10,Punta Arenas,CL,-53.15,-70.9167,41.11,75,75,9.22,broken clouds
11,Srivardhan,IN,18.0333,73.0167,79.02,88,100,9.35,overcast clouds
12,Desaguadero,PE,-16.5656,-69.0417,55.76,31,7,13.0,clear sky
13,Margate,GB,51.3813,1.3862,85.1,53,13,1.01,few clouds
14,Taltal,CL,-25.4,-70.4833,65.46,58,24,5.61,few clouds
15,Hambantota,LK,6.1241,81.1185,75.54,100,75,3.44,moderate rain
16,Rio Grande,BR,-32.035,-52.0986,62.71,73,0,7.02,clear sky
17,Cidreira,BR,-30.1811,-50.2056,60.51,74,77,7.92,broken clouds
18,Port Elizabeth,ZA,-33.918,25.5701,58.32,99,100,7.0,heavy intensity rain
19,Cape Town,ZA,-33.9258,18.4232,54.91,78,1,5.99,clear sky
20,Bloemfontein,ZA,-29.1211,26.214,50.23,51,1,5.77,clear sky
21,Palmas,BR,-10.2128,-48.3603,91.27,29,20,5.75,few clouds
22,Quatre Cocos,MU,-20.2078,57.7625,68.09,70,24,24.72,light rain
23,Qaanaaq,GL,77.484,-69.3632,43.63,66,4,3.69,clear sky
24,East London,ZA,-33.0153,27.9116,66.34,82,9,12.1,clear sky
25,Port-Cartier,CA,50.0334,-66.8654,65.75,99,100,2.53,overcast clouds
26,Umm Lajj,SA,25.0213,37.2685,90.39,46,0,8.25,clear sky
27,Saint-Philippe,RE,-21.3585,55.7679,67.59,79,41,21.43,light rain
28,Bandarbeyla,SO,9.4942,50.8122,75.18,84,50,35.05,scattered clouds
29,Hauge,NO,58.3436,6.2812,68.7,59,85,8.28,overcast clouds
30,Deogarh,IN,21.5333,84.7333,78.13,87,100,3.67,overcast clouds
31,Longyearbyen,SJ,78.2186,15.6401,51.64,82,40,3.44,scattered clouds
32,Saint George,US,37.1041,-113.5841,102.94,21,0,5.01,clear sky
33,San Cristobal,VE,7.7669,-72.225,80.78,53,54,8.05,broken clouds
34,Bonavista,CA,48.6499,-53.1147,65.55,83,100,10.89,light rain
35,Iqaluit,CA,63.7506,-68.5145,38.93,100,100,9.22,light rain
36,Busselton,AU,-33.65,115.3333,57.63,78,100,9.69,overcast clouds
37,Diplo,PK,24.4667,69.584,83.97,80,99,19.33,overcast clouds
38,Salalah,OM,17.0151,54.0924,77.38,96,100,6.35,light rain
39,Las Palmas,ES,28.4204,-14.0131,74.19,78,20,11.5,few clouds
40,Nisia Floresta,BR,-6.0911,-35.2086,79.61,76,5,13.94,clear sky
41,Upernavik,GL,72.7868,-56.1549,45.55,73,100,5.79,overcast clouds
42,Barabinsk,RU,55.3571,78.357,55.76,88,17,5.23,few clouds
43,Tahta,EG,26.7693,31.5021,92.17,18,0,6.93,clear sky
44,Cape Coast,GH,5.1053,-1.2466,74.35,77,100,9.48,overcast clouds
45,Alta Floresta,BR,-9.8756,-56.0861,95.14,17,3,4.61,clear sky
46,Ayolas,PY,-27.4,-56.9,70.07,67,5,4.43,clear sky
47,Callaway,US,30.153,-85.5699,89.98,73,70,7.0,broken clouds
48,Nieuw Amsterdam,SR,5.8833,-55.0833,82.02,84,100,6.17,overcast clouds
49,Ponta Do Sol,PT,32.6667,-17.1,74.71,74,5,5.77,clear sky
50,Dingle,PH,10.9995,122.6711,76.89,90,100,2.75,overcast clouds
51,Ovalle,CL,-30.5983,-71.2003,72.16,30,0,2.37,clear sky
52,Cap Malheureux,MU,-19.9842,57.6142,70.47,67,31,13.0,scattered clouds
53,Ribeira Grande,PT,38.5167,-28.7,75.6,88,40,6.91,scattered clouds
54,Port Alfred,ZA,-33.5906,26.891,60.19,91,95,5.01,overcast clouds
55,Sungurlu,TR,40.1675,34.3739,62.28,61,0,7.92,clear sky
56,Arraial Do Cabo,BR,-22.9661,-42.0278,75.06,73,0,10.36,clear sky
57,Talara,PE,-4.5772,-81.2719,72.36,68,0,12.66,clear sky
58,Georgetown,MY,5.4112,100.3354,79.9,90,20,0.0,few clouds
59,Dikson,RU,73.5069,80.5464,45.12,82,100,13.22,overcast clouds
60,Souillac,MU,-20.5167,57.5167,69.1,71,26,22.95,light rain
61,Mar Del Plata,AR,-38.0023,-57.5575,56.95,53,0,18.99,clear sky
62,Manadhoo,MV,5.7667,73.3833,81.45,79,73,19.06,broken clouds
63,Shar,KZ,49.5886,81.0453,63.64,52,97,5.64,overcast clouds
64,Diban,SY,35.0365,40.5167,97.88,11,0,9.42,clear sky
65,Lebu,CL,-37.6167,-73.65,51.69,61,0,3.31,clear sky
66,Kashi,CN,39.4547,75.9797,83.48,18,0,11.45,clear sky
67,Upata,VE,8.0086,-62.3989,83.19,88,77,3.56,broken clouds
68,Marawi,PH,7.9986,124.2928,68.54,94,90,2.51,overcast clouds
69,Bambous Virieux,MU,-20.3428,57.7575,68.22,69,9,25.14,light rain
70,Chuy,UY,-33.6971,-53.4616,53.49,65,1,5.79,clear sky
71,Oeiras,BR,-7.0253,-42.1311,94.84,24,85,9.24,overcast clouds
72,Lagos,NG,6.5833,3.75,74.26,78,96,5.35,overcast clouds
73,Mahebourg,MU,-20.4081,57.7,68.25,70,10,25.32,light rain
74,Nara,JP,34.6851,135.8049,77.5,68,100,1.19,overcast clouds
75,Cravo Norte,CO,6.3017,-70.2041,72.34,93,100,5.41,overcast clouds
76,Marevo,RU,57.3146,32.0804,56.05,96,89,4.72,light rain
77,Skelleftea,SE,64.7507,20.9528,64.0,75,75,5.75,broken clouds
78,Matane,CA,48.8286,-67.522,63.77,96,100,4.21,overcast clouds
79,Gat,IL,31.61,34.7642,84.4,100,0,6.22,clear sky
80,Mutoko,ZW,-17.397,32.2268,57.47,73,66,4.9,broken clouds
81,Krasnoselkup,RU,65.7,82.4667,58.71,60,100,8.37,overcast clouds
82,Sorland,NO,67.667,12.6934,55.26,83,58,5.06,broken clouds
83,Jijiga,ET,9.35,42.8,65.64,65,100,16.58,overcast clouds
84,Coquimbo,CL,-29.9533,-71.3436,56.93,82,40,6.91,scattered clouds
85,Santa Rosa,PH,14.3122,121.1114,83.1,80,8,5.48,clear sky
86,Codrington,AU,-38.2667,141.9667,36.0,95,7,7.67,clear sky
87,Bud,US,39.447,-86.1758,89.58,63,24,3.2,few clouds
88,Itaueira,BR,-7.6033,-43.0256,92.7,25,24,8.46,few clouds
89,Qaqortoq,GL,60.7167,-46.0333,47.23,90,100,6.24,overcast clouds
90,Bredasdorp,ZA,-34.5322,20.0403,47.88,87,14,4.36,few clouds
91,Husavik,IS,66.0449,-17.3389,50.16,88,100,7.36,overcast clouds
92,Trofors,NO,65.5333,13.4063,53.47,77,100,1.54,overcast clouds
93,Yershichi,RU,53.6725,32.7542,56.07,92,21,4.27,few clouds
94,La Fria,VE,8.2203,-72.2439,89.71,45,26,6.78,scattered clouds
95,Sladkovo,RU,55.5284,70.3385,62.92,67,100,4.29,overcast clouds
96,Aswan,EG,24.0934,32.907,94.71,15,0,9.35,clear sky
97,Glace Bay,CA,46.1969,-59.957,72.16,96,100,13.8,overcast clouds
98,Augustow,PL,53.8432,22.9798,63.14,88,79,5.17,broken clouds
99,Amapa,BR,1.0,-52.0,85.23,59,12,5.23,few clouds
100,Lasa,IT,46.6166,10.7002,71.11,87,25,3.33,scattered clouds
101,Goose Creek,US,32.981,-80.0326,93.02,69,97,4.0,overcast clouds
102,Junin,AR,-34.5838,-60.9433,62.78,33,0,11.68,clear sky
103,Tucurui,BR,-3.7661,-49.6725,90.61,44,97,2.55,overcast clouds
104,Odweyne,SO,9.4092,45.064,76.1,45,87,19.91,overcast clouds
105,Clyde River,CA,70.4692,-68.5914,36.28,96,100,6.91,overcast clouds
106,Kruisfontein,ZA,-34.0033,24.7314,54.88,90,100,13.33,light rain
107,Hamilton,US,39.1834,-84.5333,91.74,59,0,9.22,clear sky
108,Verkhovazhye,RU,60.7472,42.0465,55.11,95,100,14.16,light rain
109,Gornopravdinsk,RU,60.05,69.9,59.86,76,7,4.85,clear sky
110,Aksu,CN,41.1231,80.2644,74.91,36,0,2.51,clear sky
111,Torbay,CA,47.6666,-52.7314,71.89,82,100,17.27,overcast clouds
112,Praia Da Vitoria,PT,38.7333,-27.0667,72.75,91,46,10.49,scattered clouds
113,Hofn,IS,64.2539,-15.2082,50.02,93,100,5.75,mist
114,Wilmington,US,34.2257,-77.9447,92.91,74,75,8.05,broken clouds
115,Lokoja,NG,7.8024,6.743,74.39,89,77,2.93,broken clouds
116,Antofagasta,CL,-23.65,-70.4,56.48,68,29,6.91,scattered clouds
117,Gwadar,PK,25.1216,62.3254,83.95,87,84,9.46,light rain
118,Pangnirtung,CA,66.1451,-65.7125,48.94,80,100,3.15,light rain
119,Meulaboh,ID,4.1363,96.1285,75.94,85,95,3.42,overcast clouds
120,Bulembu,SZ,-25.9667,31.1333,53.85,80,7,3.29,clear sky
121,Lapua,FI,62.9693,23.0088,60.35,70,7,4.68,clear sky
122,Villamaria,CO,5.0449,-75.5146,72.07,73,98,1.39,overcast clouds
123,Mezen,RU,65.8522,44.24,68.45,67,100,10.89,overcast clouds
124,Sumbe,AO,-11.2061,13.8437,69.6,86,0,6.91,clear sky
125,Maceio,BR,-9.6658,-35.7353,81.84,61,40,12.66,scattered clouds
126,Serenje,ZM,-13.2325,30.2352,56.75,69,51,3.22,broken clouds
127,Badarganj,BD,25.674,89.0549,82.67,82,100,6.89,overcast clouds
128,Meiganga,CM,6.5167,14.3,65.39,97,100,2.08,light rain
129,Ancud,CL,-41.8697,-73.8203,53.22,95,100,29.33,moderate rain
130,Sao Filipe,CV,14.8961,-24.4956,78.1,81,92,7.78,overcast clouds
131,Gardendale,US,33.6601,-86.8128,90.25,53,40,10.36,scattered clouds
132,Kars,TR,40.602,43.095,64.85,68,40,5.75,scattered clouds
133,Samfya,ZM,-11.3649,29.5565,70.0,41,95,5.19,overcast clouds
134,Meridian,US,43.6121,-116.3915,89.35,26,0,5.75,clear sky
135,Adrar,MR,20.5022,-10.0711,103.14,7,0,9.04,clear sky
136,Saldanha,ZA,-33.0117,17.9442,56.05,69,0,16.08,clear sky
137,Luderitz,NA,-26.6481,15.1594,59.05,69,0,19.33,clear sky
138,Priyutnoye,RU,46.1011,43.5072,64.22,84,99,2.95,overcast clouds
139,Morant Bay,JM,17.8815,-76.4093,91.71,66,4,12.95,clear sky
140,Najran,SA,17.4924,44.1277,80.64,42,100,9.17,overcast clouds
141,Rocha,UY,-34.4833,-54.3333,54.97,60,0,7.27,clear sky
142,Adre,TD,13.4667,22.2,76.66,71,100,13.91,overcast clouds
143,Ouadda,CF,8.0777,22.4007,68.05,98,100,3.56,light rain
144,Sarkand,KZ,45.41,79.9186,63.93,40,61,4.99,broken clouds
145,Jumla,NP,29.2747,82.1838,64.8,97,100,1.52,overcast clouds
146,Los Llanos De Aridane,ES,28.6585,-17.9182,71.35,73,75,17.27,broken clouds
147,Mitsamiouli,KM,-11.3847,43.2844,76.64,67,0,12.35,clear sky
148,Diu,IN,20.7141,70.9822,79.97,86,93,14.88,overcast clouds
149,Ostrovnoy,RU,68.0531,39.5131,51.06,89,100,11.9,overcast clouds
150,Berlevag,NO,70.8578,29.0864,62.4,88,75,10.36,broken clouds
151,Sabha,LY,27.0377,14.4283,87.75,20,4,13.65,clear sky
152,Polunochnoye,RU,60.8697,60.4153,62.06,91,100,5.59,moderate rain
153,Kaabong,UG,3.4836,34.1492,66.97,67,100,3.22,overcast clouds
154,Santa Fe,AR,-31.6333,-60.7,71.02,42,0,4.0,light rain
155,Sambava,MG,-14.2667,50.1667,69.08,83,18,16.55,light rain
156,Hithadhoo,MV,-0.6,73.0833,80.11,75,100,8.93,light rain
157,Marathon,US,44.9,-89.7668,85.53,61,0,18.41,clear sky
158,Santiago Del Estero,AR,-27.7951,-64.2615,68.0,35,0,6.06,clear sky
159,Brae,GB,60.3964,-1.353,58.03,91,100,8.39,overcast clouds
160,Carangola,BR,-20.7331,-42.0294,80.38,41,3,4.52,clear sky
161,Dwarka,IN,22.2394,68.9678,81.93,84,100,18.21,overcast clouds
162,Waddan,LY,29.1614,16.139,86.86,28,0,18.54,clear sky
163,Mehamn,NO,71.0357,27.8492,55.35,94,75,0.0,broken clouds
164,High Rock,BS,26.6208,-78.2833,84.15,68,7,8.37,clear sky
165,Santa Maria,BR,-29.6842,-53.8069,60.26,73,0,8.41,clear sky
166,Bathurst,AU,-33.4166,149.5806,44.83,80,42,5.46,scattered clouds
167,Dudinka,RU,69.4058,86.1778,52.63,66,9,18.63,clear sky
168,Bonfim,BR,3.0833,-59.95,86.56,62,44,5.95,scattered clouds
169,Jatibonico,CU,21.9419,-79.17,89.35,55,29,13.69,scattered clouds
170,Grand Gaube,MU,-20.0064,57.6608,67.37,72,41,10.0,scattered clouds
171,Santa Marta,CO,11.2408,-74.199,84.88,72,100,13.76,overcast clouds
172,Tignere,CM,7.3667,12.65,64.71,98,100,3.22,light rain
173,Mangai,CD,-4.05,19.5333,73.71,72,69,2.95,broken clouds
174,Vila Do Maio,CV,15.1333,-23.2167,77.49,89,97,14.9,overcast clouds
175,Nioro,GM,13.35,-15.75,85.59,63,100,7.09,overcast clouds
176,Joao Pinheiro,BR,-17.7425,-46.1725,81.45,21,5,8.28,clear sky
177,Polyarnyy,RU,69.1989,33.4478,57.2,76,100,9.64,overcast clouds
178,Castro,BR,-24.7911,-50.0119,71.19,66,0,3.31,clear sky
179,Nouadhibou,MR,20.931,-17.0347,67.1,95,16,18.34,few clouds
180,Cairo,EG,30.0626,31.2497,90.36,55,0,13.8,clear sky
181,Marienburg,PL,54.0359,19.0266,71.58,76,28,4.83,scattered clouds
182,Lodja,CD,-3.4833,23.4333,73.36,66,72,2.01,broken clouds
183,Herselt,BE,51.05,4.8833,98.8,26,0,4.61,clear sky
184,Sabla,NG,12.7525,4.7077,80.65,69,9,9.19,clear sky
185,Rio Pardo,BR,-29.9897,-52.3781,61.79,73,59,7.36,broken clouds
186,Inirida,CO,3.8653,-67.9239,74.82,92,100,4.47,moderate rain
187,Coxim,BR,-18.5067,-54.76,95.27,13,48,5.46,scattered clouds
188,Cayenne,GF,4.9333,-52.3333,84.09,11,75,3.44,broken clouds
189,Syamzha,RU,60.0158,41.0614,55.62,86,100,10.25,overcast clouds
190,Benguela,AO,-12.5763,13.4055,68.92,89,18,5.59,few clouds
191,Albemarle,US,35.3501,-80.2001,90.75,53,0,4.61,clear sky
192,Jinka,ET,5.65,36.65,67.44,54,100,3.13,overcast clouds
193,Allahganj,IN,27.55,79.6833,93.36,49,42,7.29,scattered clouds
194,Mancio Lima,BR,-7.6142,-72.8958,87.98,52,67,2.98,broken clouds
195,Boddam,GB,57.4667,-1.7833,73.78,89,100,14.23,overcast clouds
196,Camana,PE,-16.6228,-72.7111,64.96,76,68,7.67,broken clouds
197,Zelenoborskiy,RU,66.845,32.3622,55.62,92,100,8.12,light rain
198,Quijingue,BR,-10.7525,-39.2092,76.51,60,97,9.55,overcast clouds
199,Nantucket,US,41.2835,-70.0995,84.09,80,0,24.07,clear sky
200,Atbasar,KZ,51.8,68.3333,70.97,43,100,9.64,overcast clouds
201,Reconquista,AR,-29.15,-59.65,66.88,45,0,7.27,clear sky
202,Soverato,IT,38.685,16.5499,81.16,49,0,3.96,clear sky
203,Amalapuram,IN,16.5833,82.0167,80.53,86,95,4.38,overcast clouds
204,Pangody,RU,65.85,74.4859,61.75,57,100,10.29,overcast clouds
205,Thunder Bay,CA,48.4001,-89.3168,57.56,93,100,7.27,overcast clouds
206,Kalmunai,LK,7.4167,81.8167,78.71,87,80,4.18,broken clouds
207,Locri,IT,38.2414,16.2623,81.32,62,0,5.75,clear sky
208,Mantua,IT,45.1667,10.7833,90.64,47,0,1.99,clear sky
209,Ciudad Guayana,VE,8.3533,-62.6528,86.52,72,61,2.64,broken clouds
210,Dombarovskiy,RU,50.7587,59.5386,76.93,47,23,12.62,few clouds
211,Saint-Leu,RE,-21.15,55.2833,67.06,67,30,3.91,scattered clouds
212,Rubtsovsk,RU,51.5,81.25,55.26,88,80,4.92,broken clouds
213,Beloha,MG,-25.1667,45.05,67.24,53,0,12.68,clear sky
214,Vardo,NO,70.3705,31.1107,55.38,94,100,2.3,overcast clouds
215,Itambacuri,BR,-18.0311,-41.685,73.49,64,63,7.65,broken clouds
216,Moose Factory,CA,51.2585,-80.6094,61.56,67,100,3.74,overcast clouds
217,Pucallpa,PE,-8.3791,-74.5539,87.84,55,40,12.66,scattered clouds
218,Kyshtovka,RU,56.555,76.6271,59.04,74,86,5.68,overcast clouds
219,Cuamba,MZ,-14.8031,36.5372,70.52,52,98,3.0,overcast clouds
220,Atar,MR,20.5169,-13.0499,108.61,9,96,13.53,overcast clouds
221,Kutum,SD,14.2,24.6667,82.78,41,26,11.7,scattered clouds
222,Stepnyak,KZ,52.8339,70.7803,65.43,57,79,6.13,broken clouds
223,Paamiut,GL,61.994,-49.6678,43.83,99,100,3.51,light rain
224,Narino,CO,5.6089,-75.1766,78.82,46,47,5.73,scattered clouds
225,Ambilobe,MG,-13.2,49.05,71.1,62,1,10.71,clear sky
226,Pitimbu,BR,-7.4706,-34.8086,81.19,75,0,13.94,clear sky
227,Kayerkan,RU,69.3497,87.7602,48.63,70,29,3.8,scattered clouds
228,Vestmannaeyjar,IS,63.4427,-20.2734,52.79,93,75,9.22,broken clouds
229,Roald,NO,62.5833,6.1333,76.12,82,0,10.36,clear sky
230,Itaquyry,PY,-24.9333,-55.2167,81.46,56,8,1.48,clear sky
231,Ostersund,SE,63.1792,14.6357,59.61,62,100,3.44,overcast clouds
232,Lima,PE,-12.0432,-77.0282,70.9,67,100,5.75,overcast clouds
233,Malakal,SS,9.5334,31.6605,70.7,88,91,3.13,light rain
234,Turayf,SA,31.6725,38.6637,92.89,16,0,12.71,clear sky
235,Vera Cruz,BR,-12.6333,-41.0333,76.26,50,51,8.99,broken clouds
236,Sistranda,NO,63.7256,8.834,57.16,89,100,12.44,light rain
237,Trairi,BR,-3.2778,-39.2689,84.0,64,26,12.77,scattered clouds
238,Honningsvag,NO,70.9821,25.9704,53.35,87,100,16.11,overcast clouds
239,Bengkulu,ID,-3.8004,102.2655,76.6,92,37,4.38,scattered clouds
240,Macia,MZ,-25.0269,33.0989,68.94,81,96,5.14,overcast clouds
241,Klaksvik,FO,62.2266,-6.589,52.72,86,100,14.45,overcast clouds
242,Constitucion,CL,-35.3333,-72.4167,56.77,57,6,12.8,clear sky
243,Chicama,PE,-7.8447,-79.1469,59.54,58,37,8.97,scattered clouds
244,Geraldton,AU,-28.7667,114.6,54.01,94,100,4.61,overcast clouds
245,Carnarvon,AU,-24.8667,113.6333,64.72,54,59,9.35,broken clouds
246,Bantry,IE,51.6833,-9.45,62.78,73,64,10.87,broken clouds
247,Touros,BR,-5.1989,-35.4608,79.72,72,26,17.87,scattered clouds
248,Coihaique,CL,-45.5752,-72.0662,42.75,81,75,9.22,shower rain
249,Narsaq,GL,60.9167,-46.05,55.62,82,100,2.26,overcast clouds
250,Port Hawkesbury,CA,45.6169,-61.3485,73.9,97,100,11.99,overcast clouds
251,Boden,SE,65.8252,21.6886,60.8,82,4,5.23,clear sky
252,Rundu,NA,-17.9333,19.7667,56.55,36,0,4.14,clear sky
253,Cap-Aux-Meules,CA,47.3821,-61.8597,68.05,94,100,18.41,mist
254,Ilulissat,GL,69.2167,-51.1,53.62,66,75,4.61,broken clouds
255,Manacapuru,BR,-3.2997,-60.6206,84.69,65,95,1.45,overcast clouds
256,Derzhavinsk,KZ,51.1,66.3167,74.97,43,16,11.52,few clouds
257,Lagoa,PT,39.05,-27.9833,70.3,93,2,13.51,clear sky
258,Valenca,BR,-13.3703,-39.0731,75.22,77,15,6.13,few clouds
259,Itarema,BR,-2.9248,-39.9167,84.58,65,38,16.35,scattered clouds
260,Vila Velha,BR,-20.3297,-40.2925,75.94,76,2,5.01,clear sky
261,Wattegama,LK,6.7989,81.4808,76.19,90,88,2.59,overcast clouds
262,Thompson,CA,55.7435,-97.8558,88.86,25,83,6.4,broken clouds
263,Nanortalik,GL,60.1432,-45.2371,47.97,90,100,14.72,light rain
264,Grootfontein,NA,-19.5667,18.1167,55.78,34,0,5.28,clear sky
265,Riyadh,SA,24.6877,46.7219,100.54,10,6,10.49,clear sky
266,Gunjur,GM,13.2019,-16.7339,81.16,76,100,13.22,overcast clouds
267,Sidi Ali,DZ,36.0998,0.4206,76.71,71,1,5.86,clear sky
268,Lipari,IT,38.4674,14.954,84.33,76,0,1.34,clear sky
269,Karlshus,NO,59.352,10.8723,71.51,58,69,8.05,broken clouds
270,Paracuru,BR,-3.41,-39.0306,87.12,62,13,12.59,few clouds
271,Turkmenabat,TM,39.0733,63.5786,92.39,17,0,17.96,clear sky
272,Ourem,PT,39.6417,-8.5919,75.61,64,0,12.21,clear sky
273,Portage,US,41.1667,-81.1998,88.75,53,40,8.05,scattered clouds
274,Areka,ET,7.0667,37.7,59.5,86,100,2.24,overcast clouds
275,Kazerun,IR,29.6195,51.6541,90.66,27,0,4.83,clear sky
276,Oranjestad,AW,12.524,-70.027,80.47,81,0,23.53,clear sky
277,Dovolnoye,RU,54.4958,79.6671,55.69,90,0,5.08,clear sky
278,Paita,PE,-5.0892,-81.1144,68.94,72,16,13.94,few clouds
279,Yarmouth,US,41.7057,-70.2286,92.14,64,0,18.41,clear sky
280,Mutiscua,CO,7.3009,-72.7467,57.96,83,89,5.77,overcast clouds
281,Dilla,ET,6.41,38.31,64.17,77,100,2.53,overcast clouds
282,Gazli,UZ,40.1333,63.45,93.63,17,0,19.51,clear sky
283,Salto,UY,-31.3833,-57.9667,63.88,51,0,14.0,clear sky
284,Blind River,CA,46.1834,-82.9582,76.42,69,100,8.32,overcast clouds
285,Izhma,RU,65.0083,53.9113,68.38,55,0,8.88,clear sky
286,Caravelas,BR,-17.7125,-39.2481,75.67,65,5,7.56,clear sky
287,Alta,NO,69.9689,23.2717,56.46,72,20,6.91,few clouds
288,Bezhta,RU,42.1338,46.1283,61.57,71,16,3.85,few clouds
289,Babaeski,TR,41.4325,27.0931,68.07,62,0,9.22,clear sky
290,Ponta Delgada,PT,37.7333,-25.6667,72.32,83,75,8.05,broken clouds
291,Manosque,FR,43.8288,5.7869,84.56,43,0,5.68,clear sky
292,Skeldon,GY,5.8833,-57.1333,83.01,82,57,4.36,light rain
293,Talnakh,RU,69.4865,88.3972,52.21,58,21,5.23,few clouds
294,Namibe,AO,-15.1961,12.1522,62.4,86,75,3.13,broken clouds
295,Bereda,ES,43.2686,-7.5406,70.41,72,12,6.38,few clouds
296,Rio Gallegos,AR,-51.6226,-69.2181,42.85,65,0,28.77,clear sky
297,Medina,SA,24.4686,39.6142,106.23,10,20,17.27,few clouds
298,Muyezerskiy,RU,63.9333,31.65,57.13,74,100,8.34,overcast clouds
299,Kalat,PK,29.0225,66.5916,72.52,68,100,3.27,overcast clouds
300,Miandrivazo,MG,-19.5167,45.4667,73.42,39,0,19.57,clear sky
301,Sur,OM,22.5667,59.5289,85.59,80,96,8.08,overcast clouds
302,Pasching,AT,48.2586,14.2042,78.8,41,0,6.91,clear sky
303,Gandorhun,SL,7.5,-11.8333,73.33,88,100,3.47,overcast clouds
304,Kilindoni,TZ,-7.9139,39.6668,76.05,76,0,18.66,clear sky
305,Harwich,GB,51.9419,1.2844,89.35,56,53,5.99,broken clouds
306,Richards Bay,ZA,-28.783,32.0377,69.73,59,0,3.87,clear sky
307,Cascais,PT,38.6979,-9.4215,74.55,64,20,20.0,few clouds
308,Kibala,TD,9.1104,18.3463,72.59,96,100,3.76,moderate rain
309,Biltine,TD,14.5333,20.9167,84.61,53,91,12.62,overcast clouds
310,Bonthe,SL,7.5264,-12.505,77.16,75,100,9.17,overcast clouds
311,Mount Darwin,ZW,-16.7725,31.5838,60.48,70,23,3.56,few clouds
312,Terra Santa,BR,-2.1042,-56.4869,89.92,47,93,3.94,overcast clouds
313,Edd,ER,13.9297,41.6925,91.53,52,100,1.92,overcast clouds
314,Asyut,EG,27.181,31.1837,91.29,19,0,7.81,clear sky
315,Oudtshoorn,ZA,-33.5907,22.2014,50.32,88,100,4.76,light rain
316,Urumqi,CN,43.801,87.6005,67.15,56,0,6.71,moderate rain
317,Lingen,DE,52.5167,7.3167,95.27,32,5,10.27,clear sky
318,Saint-Pierre,RE,-21.3393,55.4781,67.68,73,20,17.27,few clouds
319,Alice Town,BS,25.7167,-79.3,83.32,71,0,8.12,clear sky
320,Tyup,KG,42.7276,78.3648,52.07,73,4,6.2,clear sky
321,Togur,RU,58.3631,82.8265,53.8,88,87,5.21,overcast clouds
322,Molina,CL,-35.1167,-71.2833,46.13,87,40,8.05,haze
323,Mungaa,TZ,-4.9667,34.8833,59.95,62,6,9.15,clear sky
324,Port-Gentil,GA,-0.7193,8.7815,73.36,83,40,6.91,scattered clouds
325,Siva,EG,29.2041,25.5195,90.81,20,2,8.46,clear sky
326,Vila Franca Do Campo,PT,37.7167,-25.4333,72.01,81,76,5.1,broken clouds
327,Oranjemund,NA,-28.55,16.4333,55.04,82,0,15.79,clear sky
328,Saint-Francois,FR,46.4154,3.9054,92.64,29,0,11.5,clear sky
329,Mahibadhoo,MV,3.7833,72.9667,82.26,77,100,16.04,overcast clouds
330,Kampene,CD,-3.6,26.6667,71.74,73,99,2.55,overcast clouds
331,Havre-Saint-Pierre,CA,50.2334,-63.5986,66.56,94,75,11.5,broken clouds
332,Comodoro Rivadavia,AR,-45.8667,-67.5,57.06,44,20,28.77,dust
333,Kakonko,TZ,-3.2828,30.9642,73.44,39,93,2.35,overcast clouds
334,Luanda,AO,-8.8368,13.2343,69.8,88,20,10.36,few clouds
335,Yabelo,ET,4.8833,38.0833,60.33,65,100,11.45,overcast clouds
336,Beisfjord,NO,68.3751,17.5988,59.05,82,88,3.02,overcast clouds
337,Anloga,GH,5.7947,0.8973,75.72,74,88,13.29,overcast clouds
338,Berdsk,RU,54.7551,83.0967,55.0,82,56,4.59,broken clouds
339,Puerto Suarez,BO,-18.95,-57.8,95.36,43,0,6.91,clear sky
340,Wawa,NG,9.9022,4.4192,77.88,68,89,5.23,overcast clouds
341,Benjamin Constant,BR,-4.3831,-70.0311,84.33,74,40,3.44,scattered clouds
342,Nyrob,RU,60.733,56.7202,64.24,97,100,8.86,light rain
343,Rota,ES,36.6224,-6.3586,86.09,73,0,11.5,clear sky
344,Samokov,BG,42.3333,23.55,66.7,55,0,2.37,clear sky
345,Faya,SA,18.3851,42.4509,66.72,50,100,11.79,light rain
346,Ariquemes,BR,-9.9133,-63.0408,95.45,19,0,4.27,clear sky
347,Camacha,PT,33.0833,-16.3333,71.02,68,20,12.66,few clouds
348,Bathsheba,BB,13.2167,-59.5167,84.81,91,40,17.27,scattered clouds
349,Patti,IN,31.2808,74.8572,89.67,46,91,4.47,overcast clouds
350,Marquette,US,46.5333,-87.6335,82.78,83,100,9.22,overcast clouds
351,Xai-Xai,MZ,-25.0519,33.6442,68.29,89,5,8.66,light rain
352,Gamba,GA,-2.65,10.0,71.46,89,100,5.19,overcast clouds
353,Talant,FR,47.3369,5.0089,93.81,29,0,4.61,clear sky
354,Tortoli,IT,39.9256,9.6572,80.13,60,0,3.91,clear sky
355,Algiers,DZ,36.7525,3.042,78.62,78,40,11.5,scattered clouds
356,Bulungu,CD,-4.55,18.6,78.37,52,10,3.89,clear sky
357,Chebenki,RU,51.9337,55.7077,64.15,65,51,6.62,broken clouds
358,Mercedes,AR,-34.6515,-59.4307,64.85,33,0,9.84,clear sky
359,Zhanaozen,KZ,43.3,52.8,95.36,18,1,7.0,clear sky
360,Menongue,AO,-14.6585,17.691,56.12,38,0,3.87,clear sky
361,Lenine,UA,45.2986,35.7771,68.41,55,0,8.9,clear sky
362,Takoradi,GH,4.8845,-1.7554,74.21,76,98,7.74,overcast clouds
363,Kpandae,GH,8.4689,-0.0113,75.24,76,41,5.5,scattered clouds
364,Paldiski,EE,59.3567,24.0531,66.45,60,3,19.91,clear sky
365,Itupiranga,BR,-5.1347,-49.3267,97.12,31,86,3.53,overcast clouds
366,Semnan,IR,35.5729,53.3971,86.58,27,0,11.3,clear sky
367,Mbini,GQ,1.574,9.6134,75.87,79,18,8.39,few clouds
368,Batsfjord,NO,70.6345,29.7185,62.38,63,20,5.75,few clouds
369,Coari,BR,-4.085,-63.1414,83.01,67,100,1.12,overcast clouds
370,Sibut,CF,5.718,19.0739,67.91,99,100,2.39,overcast clouds
371,Chapais,CA,49.7834,-74.8492,67.78,81,100,12.15,overcast clouds
372,Sassandra,CI,4.95,-6.0833,73.71,75,94,6.89,overcast clouds
373,Puerto Colombia,CO,10.9878,-74.9547,83.97,74,20,19.48,few clouds
374,Saint-Georges,GD,12.0564,-61.7485,81.27,79,2,12.91,clear sky
375,Togul,RU,53.465,85.9128,54.41,91,35,3.44,scattered clouds
376,Contamana,PE,-7.3333,-75.0167,89.64,47,94,1.99,overcast clouds
377,Saint-Augustin,CA,51.226,-58.6502,63.86,89,100,10.76,overcast clouds
378,Gerash,IR,27.6652,54.1371,95.14,34,0,5.75,clear sky
379,Am Timan,TD,11.0297,20.2827,77.61,80,100,2.68,moderate rain
380,Medea,DZ,36.2642,2.7539,77.27,43,0,5.59,clear sky
381,Thinadhoo,MV,0.5333,72.9333,80.24,74,100,5.99,light rain
382,Pirajui,BR,-21.9986,-49.4572,86.22,24,0,4.36,clear sky
383,Mahesana,IN,23.6,72.4,80.85,86,100,13.53,overcast clouds
384,Surt,LY,31.2089,16.5887,80.87,63,0,10.45,clear sky
385,Ippy,CF,6.2679,21.2247,68.76,98,100,4.54,overcast clouds
386,Salinopolis,BR,-0.6136,-47.3561,81.25,80,96,10.47,overcast clouds
387,Ust-Tsilma,RU,65.441,52.1498,73.78,48,100,11.7,overcast clouds
388,Marzuq,YE,14.4,46.4667,83.28,42,100,12.19,overcast clouds
389,Lafia,NG,8.4833,8.5167,76.66,80,92,4.14,light rain
390,Liwale,TZ,-9.7667,37.9333,68.99,68,95,4.41,overcast clouds
391,Taoudenni,ML,22.6783,-3.9836,106.72,7,0,12.39,clear sky
392,Pisco,PE,-13.7,-76.2167,65.01,77,49,10.36,haze
393,Telgte,DE,51.9833,7.7833,94.98,21,0,3.44,clear sky
394,Sao Joao Da Barra,BR,-21.6403,-41.0511,78.89,77,56,14.07,broken clouds
395,Muzhi,RU,65.3667,64.6667,58.26,66,3,6.91,clear sky
396,Melfi,IT,40.9965,15.6514,71.55,42,0,2.3,clear sky
397,Presidencia Roque Saenz Pena,AR,-26.7852,-60.4388,71.94,45,11,2.53,few clouds
398,Tarata,BO,-17.6167,-66.0167,72.68,28,26,3.58,scattered clouds
399,Tranas,SE,58.0372,14.9782,68.4,56,100,2.37,overcast clouds
400,Camapua,BR,-19.5314,-54.0439,92.05,14,51,7.45,broken clouds
401,Tessalit,ML,20.1986,1.0114,92.14,31,81,10.92,light rain
402,Porto Calvo,BR,-9.045,-35.3983,77.0,76,2,8.9,clear sky
403,Bestobe,KZ,52.4994,73.0975,68.16,46,100,3.29,overcast clouds
404,Gryazovets,RU,58.88,40.2525,55.96,76,100,9.89,overcast clouds
405,Maniitsoq,GL,65.4167,-52.9,46.6,86,99,9.78,overcast clouds
406,Suksun,RU,57.1431,57.3949,58.66,92,0,8.77,clear sky
407,San Francisco,US,37.7749,-122.4194,88.18,73,20,18.41,few clouds
408,Piacabucu,BR,-10.4056,-36.4344,76.35,77,9,11.48,clear sky
409,Baracoa,CU,20.3467,-74.4958,86.65,65,5,11.16,clear sky
410,Tsumeb,NA,-19.2333,17.7167,60.1,29,0,5.75,clear sky
411,Kirn,DE,49.7833,7.45,89.22,32,6,3.98,clear sky
412,Miracema Do Tocantins,BR,-9.5618,-48.3967,94.86,21,0,6.17,clear sky
413,Zhezkazgan,KZ,47.8043,67.7144,78.58,25,0,8.03,clear sky
414,Beyneu,KZ,45.3167,55.2,99.75,18,72,7.45,broken clouds
415,Antalaha,MG,-14.9003,50.2788,67.84,85,9,12.17,light rain
416,Plettenberg Bay,ZA,-34.0527,23.3716,54.61,87,100,9.69,light rain
417,Georgiyevka,KZ,43.0369,74.7114,75.24,38,0,6.71,clear sky
418,Provins,FR,48.5833,3.1667,90.36,29,7,13.38,clear sky
419,Tukrah,LY,32.5341,20.5791,76.89,67,0,19.82,clear sky
420,Kaoma,ZM,-14.7833,24.8,62.49,43,52,3.76,broken clouds
421,Imbituba,BR,-28.24,-48.6703,68.86,88,13,14.0,few clouds
422,Barao De Melgaco,BR,-16.1944,-55.9675,96.75,13,100,2.82,overcast clouds
423,Olafsvik,IS,64.8945,-23.7142,53.6,74,90,11.77,overcast clouds
424,Manavgat,TR,36.7867,31.4431,83.01,50,0,5.41,clear sky
425,Banatski Karlovac,RS,45.0472,21.0161,72.61,25,0,4.14,clear sky
426,Ybycui,PY,-26.0167,-57.05,68.72,76,15,4.72,few clouds
427,Onhaye,BE,50.2426,4.8433,91.76,22,0,5.75,clear sky
428,Atasu,KZ,48.6814,71.6433,68.88,32,2,7.85,clear sky
429,Angoche,MZ,-16.2325,39.9086,72.21,73,0,6.78,clear sky
430,Maues,BR,-3.3836,-57.7186,96.01,31,69,4.41,broken clouds
431,Lincoln,US,40.8,-96.667,100.15,63,0,9.22,clear sky
432,The Valley,AI,18.217,-63.0578,87.66,70,20,18.41,haze
433,Sicuani,PE,-14.2694,-71.2261,62.13,16,96,8.59,overcast clouds
434,Methoni,GR,36.8197,21.7049,76.86,60,0,8.03,clear sky
435,Masuguru,TZ,-11.3667,38.4167,75.49,61,99,7.14,overcast clouds
436,Komsomolets,KZ,53.7453,62.0708,70.16,89,12,12.21,moderate rain
437,Korla,CN,41.7597,86.1469,76.3,39,100,19.06,overcast clouds
438,Oktyabrskoye,RU,43.0645,44.7417,66.34,93,100,6.71,overcast clouds
439,Muros,ES,42.7762,-9.0603,68.09,86,69,5.03,broken clouds
440,Kariba,ZW,-16.5167,28.8,65.75,54,11,3.22,few clouds
441,Onega,RU,63.9061,38.1404,54.5,99,100,9.6,moderate rain
442,Millville,US,39.4021,-75.0393,94.17,48,0,9.22,clear sky
443,Ciudad Bolivar,VE,8.1222,-63.5497,85.3,66,74,4.81,broken clouds
444,Bubaque,GW,11.2833,-15.8333,78.19,86,100,15.39,light rain
445,Alencon,FR,48.4333,0.0833,80.74,37,26,11.88,scattered clouds
446,Bilma,NE,18.6853,12.9164,96.96,13,5,6.22,clear sky
447,Cuiaba,BR,-15.5961,-56.0967,93.13,24,0,3.44,clear sky
448,Oussouye,SN,12.485,-16.5469,80.69,85,95,10.31,moderate rain
449,Lujan,AR,-34.5703,-59.105,65.01,40,1,4.0,clear sky
450,Barela,IN,23.1,80.05,75.45,92,100,7.16,overcast clouds
451,Panaba,MX,21.2833,-88.2667,100.69,29,99,9.48,overcast clouds
452,Kudahuvadhoo,MV,2.6708,72.8944,80.76,80,100,15.01,overcast clouds
453,Shelburne,CA,44.0787,-80.2041,86.31,45,28,13.35,scattered clouds
454,Hualmay,PE,-11.0964,-77.6139,66.65,72,85,9.24,overcast clouds
455,Businga,CD,3.3333,20.8833,70.18,99,99,1.32,light rain
456,Watertown,US,42.3709,-71.1828,94.05,47,19,11.99,few clouds
457,Svetlogorsk,BY,52.6333,29.7333,59.65,84,29,6.13,scattered clouds
458,Corinto,GR,37.9407,22.9573,79.9,41,1,1.01,clear sky
459,Padang,ID,-0.9492,100.3543,77.2,87,30,2.37,light rain
460,Guapi,CO,2.5708,-77.8854,82.6,82,56,7.7,moderate rain
461,Opuwo,NA,-18.0607,13.84,61.99,34,0,1.03,clear sky
462,Maridi,SS,4.9158,29.4742,67.59,91,100,3.71,overcast clouds
463,Campbeltown,GB,55.4258,-5.6076,57.25,93,100,17.74,overcast clouds
464,Port Blair,IN,11.6667,92.75,78.84,94,75,3.44,mist
465,Arys,KZ,42.4252,68.795,85.48,22,0,15.28,clear sky
466,Chitipa,MW,-9.7024,33.2697,58.53,84,9,7.49,clear sky
467,Laguna,US,38.421,-121.4238,99.01,29,0,6.91,clear sky
468,Henties Bay,NA,-22.116,14.2845,56.57,87,0,11.92,clear sky
469,Muravlenko,RU,63.7898,74.523,63.03,53,100,8.25,overcast clouds
470,Saint-Joseph,RE,-21.3667,55.6167,63.21,77,20,19.37,light rain
471,Gabu,GW,12.2833,-14.2167,76.35,89,100,7.76,overcast clouds
472,Kulhudhuffushi,MV,6.6221,73.07,80.78,82,100,19.17,overcast clouds
473,Yarim,YE,14.298,44.3779,59.41,62,100,4.07,overcast clouds
474,Isakly,RU,54.1333,51.5333,59.0,90,0,5.91,clear sky
475,Yaransk,RU,57.3033,47.8861,55.35,95,8,11.25,clear sky
476,Fort Thomas,US,39.0751,-84.4472,91.53,61,27,3.0,scattered clouds
477,Gasa,PS,31.5,34.4667,79.88,73,0,6.02,clear sky
478,Wamba,NG,8.9333,8.6,71.58,91,25,2.86,moderate rain
479,Necochea,AR,-38.5473,-58.7368,57.24,36,0,15.41,clear sky
480,Jaffna,LK,9.6685,80.0074,80.44,82,100,12.86,overcast clouds
481,Avigliana,IT,45.0771,7.3986,88.56,50,100,5.26,overcast clouds
482,Kondol,RU,52.8189,45.058,60.49,63,86,9.06,overcast clouds
483,Yar-Sale,RU,66.8333,70.8333,57.27,69,10,6.33,clear sky
484,La Baule-Escoublac,FR,47.2922,-2.364,69.46,82,20,9.22,few clouds
485,Voghera,IT,44.9947,9.0086,91.08,27,0,8.05,clear sky
486,Tonj,SS,7.2737,28.6822,70.16,93,31,4.38,scattered clouds
487,Diamantino,BR,-14.4086,-56.4461,94.05,15,0,6.53,clear sky
488,Ullapool,GB,57.8987,-5.1604,59.34,97,100,1.97,overcast clouds
489,Leh,IN,34.1667,77.5833,68.81,38,9,5.08,clear sky
490,Gravdal,NO,68.1214,13.5031,55.29,82,40,9.22,scattered clouds
491,Belyy Yar,RU,53.6039,91.3903,55.85,82,0,6.71,clear sky
492,Ekibastuz,KZ,51.6667,75.3667,69.87,45,26,6.55,scattered clouds
493,Saint Andrews,US,34.0454,-81.1293,94.59,54,40,10.36,scattered clouds
494,Lubao,PH,14.9167,120.55,82.11,88,55,1.39,broken clouds
495,Sinnamary,GF,5.3833,-52.95,81.77,79,92,9.8,overcast clouds
496,Sao Sebastiao,BR,-23.76,-45.4097,72.84,82,30,2.57,scattered clouds
497,Jaru,BR,-10.4389,-62.4664,94.96,20,1,4.81,clear sky
498,Gambela,ET,8.25,34.5833,70.41,92,100,3.31,overcast clouds
499,Chalmette,US,29.9427,-89.9634,96.01,55,40,8.05,scattered clouds
500,Khash,IR,28.2211,61.2158,83.23,49,13,3.49,few clouds
501,Saint Anthony,US,45.0205,-93.218,89.92,48,75,23.02,broken clouds
502,Yarovoye,RU,52.9273,78.58,63.14,61,67,4.81,broken clouds
503,Rae Bareli,IN,26.2167,81.2333,90.12,57,76,4.18,broken clouds
504,Envira,BR,-7.3,-70.2167,91.36,39,72,4.12,broken clouds
505,Kayes,ML,14.0,-11.0,82.38,70,100,9.8,light rain
506,Acarau,BR,-2.8856,-40.12,85.77,63,44,17.52,scattered clouds
507,General Elizardo Aquino,PY,-24.4333,-56.7,84.45,46,0,2.55,clear sky
508,Madingou,CG,-4.1536,13.55,78.76,59,63,2.86,broken clouds
509,Yashkul,RU,46.1711,45.3435,64.71,87,100,1.03,light rain
510,Hermon,US,44.8101,-68.9134,89.53,52,75,12.66,broken clouds
511,Mbekenyera,TZ,-10.0,38.9833,68.94,75,72,6.51,broken clouds
512,Rockland,US,41.1668,-74.0496,91.96,49,0,1.01,clear sky
513,Berbera,SO,10.4396,45.0143,92.48,38,100,28.03,overcast clouds
514,Seinajoki,FI,62.7945,22.8282,59.23,60,0,4.61,clear sky
515,Jucurutu,BR,-6.0339,-37.0203,86.47,44,91,21.5,overcast clouds
516,Llata,PE,-9.4167,-76.7833,62.19,41,21,10.8,few clouds
517,Duma,CN,34.7653,108.135,57.7,94,0,0.45,clear sky
518,Neuquen,AR,-38.9516,-68.0591,51.69,43,0,3.44,clear sky
519,Acari,PE,-15.4311,-74.6158,73.96,54,22,9.64,few clouds
520,Narva-Joesuu,EE,59.4589,28.0408,62.37,78,18,10.2,few clouds
521,Turukhansk,RU,65.8167,87.9833,50.56,67,99,9.17,overcast clouds
522,Hauterive,FR,46.0901,3.4459,90.36,38,0,2.68,clear sky
523,Pimentel,PE,-6.8367,-79.9342,70.09,64,0,12.66,clear sky
524,Cabedelo,BR,-6.9811,-34.8339,81.27,77,0,17.18,clear sky
525,Taywarah,AF,33.35,64.4167,64.29,18,0,6.87,clear sky
526,Miquelon,PM,47.0975,-56.3814,60.8,99,100,18.01,overcast clouds
527,Balkhash,KZ,46.844,74.9804,72.91,45,0,4.54,clear sky
528,Naranjal,EC,-2.6667,-79.6167,84.96,59,91,5.82,overcast clouds
529,Ilhabela,BR,-23.7781,-45.3581,72.54,82,20,3.47,few clouds
530,Grand-Santi,GF,4.25,-54.3833,86.65,59,98,3.4,overcast clouds
531,Aracati,BR,-4.5617,-37.7697,82.11,66,100,8.81,overcast clouds
532,Mananara,MG,-16.1667,49.7667,69.22,80,8,10.87,light rain
533,Argayash,RU,55.4888,60.8767,67.69,93,79,6.58,broken clouds
534,Budogoshch,RU,59.2816,32.4707,54.61,95,9,4.68,light rain
535,Chauny,FR,49.6151,3.2186,94.69,17,0,7.74,clear sky
536,Grajau,BR,-5.8194,-46.1386,95.47,26,100,6.69,overcast clouds
537,Elblag,PL,54.1522,19.4088,62.56,82,14,3.6,few clouds
538,Tema,GH,5.667,-0.0166,75.29,70,85,11.41,overcast clouds
539,Dhrangadhra,IN,22.9833,71.4667,80.38,85,100,14.97,overcast clouds
540,Abu Samrah,SY,35.3029,37.1841,85.03,31,0,9.37,clear sky
541,Rairangpur,IN,22.2676,86.1751,78.71,84,99,6.4,overcast clouds
542,Weston,US,26.1004,-80.3998,93.99,56,0,9.22,clear sky
543,Laranjeiras Do Sul,BR,-25.4078,-52.4161,71.37,77,6,3.09,clear sky
544,Birao,CF,10.2849,22.7882,74.25,89,100,3.91,overcast clouds
545,Doaba,PK,33.4244,70.7364,88.52,52,0,3.62,clear sky
546,Maragogi,BR,-9.0122,-35.2225,77.36,75,0,10.71,clear sky
547,Puerto Narino,CO,-3.7703,-70.3831,88.97,54,97,2.01,overcast clouds
548,Torgau,DE,51.5667,13.0,87.75,26,100,6.44,overcast clouds
549,Neyshabur,IR,36.2133,58.7958,81.95,19,0,4.72,clear sky
550,Lichtenburg,ZA,-26.152,26.1597,54.84,48,79,7.0,broken clouds
551,Ampanihy,MG,-24.7,44.75,67.41,53,0,11.1,clear sky
552,Dzilam Gonzalez,MX,21.2833,-88.9333,96.62,39,46,7.78,scattered clouds
553,San Ignacio,BZ,17.1561,-89.0714,86.14,74,75,6.91,broken clouds
554,Mananjary,MG,-21.2167,48.3333,67.46,79,35,8.99,light rain
555,Loandjili,CG,-4.7561,11.8578,71.69,82,100,6.26,overcast clouds
556,Leshukonskoye,RU,64.8989,45.7622,70.05,58,100,6.04,overcast clouds
557,Storsteinnes,NO,69.2408,19.2344,57.85,79,100,3.27,overcast clouds
558,Kuybyshevo,RU,47.8123,38.9073,67.71,40,10,7.45,clear sky
559,Carutapera,BR,-1.195,-46.02,81.9,76,74,7.43,broken clouds
560,Digoin,FR,46.4812,3.9795,89.69,38,0,8.05,clear sky
561,Filadelfia,US,39.9523,-75.1638,93.61,49,0,5.99,clear sky
562,Tripoli,LY,32.8752,13.1875,81.21,70,0,13.71,clear sky
563,Novyy Urengoy,RU,66.0833,76.6333,59.02,57,13,9.15,few clouds
564,Kedrovyy,RU,56.1667,91.8167,55.87,99,92,8.37,overcast clouds
565,Cornwall,CA,45.0181,-74.7281,86.25,57,20,13.8,few clouds
566,Nsanje,MW,-16.92,35.262,69.08,79,3,4.21,clear sky
567,Reinosa,ES,42.9996,-4.138,67.05,79,39,7.92,scattered clouds
568,Suamico,US,44.6319,-88.0393,87.3,60,0,16.11,clear sky
569,Chaumont,FR,48.1167,5.1333,90.37,23,0,2.8,clear sky
570,Pinega,RU,64.7001,43.3936,60.22,95,95,5.03,light rain
571,Kargil,IN,34.5667,76.1,64.62,49,0,6.71,clear sky
572,Vidalia,US,32.2177,-82.4135,91.51,52,40,4.61,light rain
573,Bembereke,BJ,10.2283,2.6634,70.83,91,80,5.61,light rain
574,Kuliyapitiya,LK,7.4688,80.0401,74.52,95,100,2.48,overcast clouds
575,Agirish,RU,61.9247,63.0231,62.22,59,8,6.4,clear sky
576,Jodhpur,IN,26.2867,73.03,83.64,78,100,13.15,overcast clouds
577,Omboue,GA,-1.5746,9.2618,72.48,86,100,7.74,overcast clouds
578,Karimnagar,IN,18.4333,79.15,77.41,87,90,6.49,overcast clouds
579,Storforshei,NO,66.4043,14.5233,55.18,76,20,2.3,few clouds
580,Harper,LR,4.375,-7.7169,74.44,73,91,8.01,overcast clouds
581,Teguldet,RU,57.3064,88.1667,52.3,98,64,5.59,broken clouds
582,Kuusamo,FI,65.9667,29.1833,55.0,88,100,5.28,overcast clouds
583,Cachoeiro De Itapemirim,BR,-20.8489,-41.1128,80.19,54,0,7.83,clear sky
584,Tahoua,NE,14.8888,5.2692,87.91,50,10,12.62,clear sky
585,Inhambane,MZ,-23.865,35.3833,68.95,89,0,7.63,clear sky
586,San Vicente,AR,-26.6167,-54.1333,67.8,80,64,2.46,broken clouds
587,Ratangarh,IN,28.0833,74.6,93.99,52,85,6.46,overcast clouds
588,Dawlatabad,AF,36.4141,64.9053,88.34,17,0,8.21,clear sky
589,Dakar,SN,14.6937,-17.4441,86.13,74,75,11.5,broken clouds
590,Bartica,GY,6.4,-58.6167,79.12,88,90,3.71,overcast clouds
591,Nizhnevartovsk,RU,60.9344,76.5531,55.42,100,0,4.47,clear sky
592,Santo Antonio Do Monte,BR,-20.0872,-45.2936,78.44,29,0,5.08,clear sky
593,Tokmak,UA,47.2514,35.7058,67.08,45,0,8.52,clear sky
594,Zabkowice Slaskie,PL,50.5897,16.8124,73.15,68,1,5.53,clear sky
595,Edeia,BR,-17.3383,-49.9314,87.28,21,2,7.0,clear sky
596,Djibo,BF,14.1022,-1.6306,91.62,43,45,7.29,scattered clouds
597,Nouakchott,MR,18.0858,-15.9785,84.13,84,1,10.63,clear sky
598,Grindavik,IS,63.8424,-22.4338,55.87,82,0,12.66,clear sky
599,Keshorai Patan,IN,25.3,75.9333,83.98,73,56,8.3,broken clouds
600,Camacupa,AO,-12.0167,17.4833,63.14,34,0,1.74,clear sky
601,Port Shepstone,ZA,-30.7414,30.455,66.13,38,0,5.77,clear sky
602,Maraa,BR,-1.8333,-65.3667,89.53,52,75,3.0,broken clouds
603,Walvis Bay,NA,-22.9575,14.5053,55.09,87,0,4.61,clear sky
604,Chuka,KE,-0.3332,37.6459,62.15,72,100,6.46,overcast clouds
605,Pindi Bhattian,PK,31.8978,73.273,96.24,45,0,7.74,clear sky
606,Ferrandina,IT,40.5012,16.4547,76.68,33,0,3.71,clear sky
607,Nargana,PA,9.4428,-78.5906,82.51,86,100,7.54,overcast clouds
608,Muisne,EC,0.6,-80.0333,76.41,81,99,13.27,overcast clouds
609,Fraserburgh,GB,57.6874,-2.0184,66.43,93,100,16.98,overcast clouds
610,Hobyo,SO,5.3505,48.5268,75.81,77,47,28.7,scattered clouds
611,Bosaso,SO,11.2842,49.1816,91.44,44,99,7.27,overcast clouds
612,Otjiwarongo,NA,-20.4637,16.6477,52.03,42,0,5.46,clear sky
613,Kemijarvi,FI,66.7131,27.4306,57.29,80,83,4.41,broken clouds
614,Iranshahr,IR,27.2025,60.6848,91.74,52,0,4.61,clear sky
615,Outjo,NA,-20.1167,16.15,58.98,35,0,7.63,clear sky
616,Souris,CA,49.6172,-100.2612,76.86,89,100,18.95,overcast clouds
617,Makat,KZ,47.6469,53.3463,80.4,27,62,20.29,broken clouds
618,Koslan,RU,63.4564,48.8989,61.83,98,100,7.36,light rain
619,Muhos,FI,64.808,25.9931,56.98,83,6,5.64,clear sky
620,Andra,RU,62.5147,65.8878,64.69,61,79,5.48,broken clouds
621,Jalu,LY,29.0331,21.5482,86.92,21,3,11.88,clear sky
622,Oktyabrskiy,RU,54.4815,53.471,58.73,94,97,6.58,overcast clouds
623,Wad Madani,SD,14.4012,33.5199,87.35,47,100,16.2,overcast clouds
624,Sovetskiy,RU,61.3614,63.5842,63.28,55,52,5.3,broken clouds
625,Bahir Dar,ET,11.5936,37.3908,62.62,90,100,6.13,moderate rain
626,Cururupu,BR,-1.8283,-44.8683,85.46,58,84,5.75,broken clouds
627,Puerto Leguizamo,CO,-0.1934,-74.7819,74.53,95,100,2.33,overcast clouds
628,Mega,ET,4.05,38.3,60.51,66,100,12.48,overcast clouds
629,Sayyan,YE,15.1718,44.3244,62.83,62,100,5.44,overcast clouds
630,Buraydah,SA,26.326,43.975,99.05,11,0,10.38,clear sky
631,Jiwani,PK,25.05,61.7417,83.89,87,76,10.16,broken clouds
632,Canutama,BR,-6.5339,-64.3831,96.08,28,16,4.18,few clouds
633,Aquiraz,BR,-3.9014,-38.3911,88.45,71,48,10.56,scattered clouds
634,Ledziny,PL,50.1426,19.1315,76.44,84,5,3.76,clear sky
635,Safaga,EG,26.7292,33.9365,89.15,43,3,2.84,clear sky
636,Kalulushi,ZM,-12.8378,28.0919,63.07,43,38,1.3,scattered clouds
637,Colgong,IN,25.2667,87.2167,89.64,59,100,3.36,overcast clouds
638,El Cobre,CU,20.0489,-75.9469,87.24,70,40,12.66,scattered clouds
639,Soyo,AO,-6.1349,12.3689,70.88,87,53,7.96,broken clouds
640,Mogadishu,SO,2.0371,45.3438,75.52,74,100,16.51,overcast clouds
641,Lastoursville,GA,-0.8143,12.7287,77.61,68,100,2.06,overcast clouds
642,Yenagoa,NG,4.9247,6.2642,75.36,78,67,5.5,broken clouds
643,Skara,SE,58.3866,13.4384,70.83,68,9,1.01,clear sky
644,Warrington,GB,53.3925,-2.5802,90.32,46,0,6.91,clear sky
645,Bagrami,AF,34.4938,69.2743,80.13,28,0,4.99,clear sky
646,San Pedro De Macoris,DO,18.4616,-69.2972,91.53,59,76,9.89,broken clouds
647,Corner Brook,CA,48.9667,-57.9484,71.76,94,100,6.04,overcast clouds
648,Havelock,US,34.8791,-76.9013,94.05,81,61,8.01,broken clouds
649,Moroni,KM,-11.7022,43.2551,74.71,73,0,2.13,clear sky
650,Sinjar,IQ,36.3209,41.8754,94.98,11,0,11.81,clear sky
651,Buchanan,LR,5.8808,-10.0467,76.26,75,100,8.14,overcast clouds
652,Ios,GR,36.7333,25.2833,75.11,56,0,13.0,clear sky
653,Serra Branca,BR,-6.5333,-38.2667,90.39,27,11,12.44,few clouds
654,Monte Patria,CL,-30.6919,-70.9467,73.99,21,0,2.77,clear sky
655,Damietta,EG,31.4165,31.8133,81.75,69,0,9.46,clear sky
656,Navalcarnero,ES,40.2891,-4.012,90.55,48,0,11.65,clear sky
657,Le Port,RE,-20.9373,55.2919,68.0,89,8,14.14,clear sky
658,Rodrigues Alves,BR,-7.738,-72.6509,88.0,51,80,1.7,broken clouds
659,Bahia Honda,CU,22.9036,-83.1592,89.33,56,35,11.65,moderate rain
660,Rio Verde De Mato Grosso,BR,-18.9181,-54.8442,92.37,15,100,4.88,overcast clouds
661,Nizwa,OM,22.9333,57.5333,86.47,64,84,3.02,broken clouds
662,Dunda,TZ,-8.1167,34.25,64.26,60,78,4.83,broken clouds
663,Penukonda,IN,14.0833,77.5833,75.13,79,24,12.57,few clouds
664,Rabo De Peixe,PT,37.8,-25.5833,71.11,83,75,8.05,broken clouds
665,Syumsi,RU,57.1111,51.6149,59.18,88,11,9.26,few clouds
666,Imeni Zhelyabova,RU,58.9544,36.5956,57.54,69,85,6.89,overcast clouds
667,Buta,CD,2.7858,24.73,69.42,97,100,1.54,overcast clouds
668,Staryy Nadym,RU,65.6118,72.6842,61.92,56,100,9.57,overcast clouds
669,Scarborough,GB,54.2797,-0.4044,87.37,47,19,11.88,few clouds
670,Sheregesh,RU,52.9209,87.9869,48.51,98,62,4.23,broken clouds
671,Sechura,PE,-5.5569,-80.8222,74.26,59,49,13.47,scattered clouds
672,Laishevo,RU,55.4046,49.5504,62.04,81,3,11.74,clear sky
673,Misratah,LY,32.3754,15.0925,81.79,70,0,10.22,clear sky
674,Kichmengskiy Gorodok,RU,59.9816,45.7854,55.98,98,100,11.21,moderate rain
675,Watsa,CD,3.0372,29.5355,64.53,98,100,1.74,light rain
676,Mali,GN,12.079,-12.2982,62.28,92,100,2.89,moderate rain
677,Talca,CL,-35.4333,-71.6667,56.1,68,6,7.47,clear sky
678,Laje,BR,-10.1833,-40.9667,82.44,31,4,14.58,clear sky
679,Sirpur,IN,19.4833,79.6,77.27,91,98,4.25,overcast clouds
680,El Alto,PE,-4.2714,-81.2147,69.46,71,40,16.78,scattered clouds
681,Nicoya,CR,10.1483,-85.452,82.87,80,100,1.74,overcast clouds
682,Manicore,BR,-5.8092,-61.3003,93.15,46,0,8.05,clear sky
683,Tingo Maria,PE,-9.2895,-76.0088,88.11,51,20,3.44,few clouds
684,Pechenga,RU,69.5259,31.1703,59.47,73,100,7.18,overcast clouds
685,Bela,IN,25.9333,81.9833,91.96,54,86,8.99,overcast clouds
686,Upington,ZA,-28.4478,21.2561,62.98,34,6,6.91,clear sky
687,Curvelo,BR,-18.7564,-44.4308,83.03,22,0,5.64,clear sky
688,Nkongsamba,CM,4.9547,9.9404,66.09,98,100,0.74,light rain
689,Ribeira Brava,PT,32.65,-17.0667,74.71,77,5,6.85,clear sky
690,Monrovia,LR,6.3005,-10.7969,76.51,75,100,9.89,overcast clouds
